ROLEX AUSTRALIAN GRAND PRIX,2015,AUSTRALIA,RAGP_PR1
ROLEX AUSTRALIAN GRAND PRIX,2015,AUSTRALIA,RAGP_PR2
ROLEX AUSTRALIAN GRAND PRIX,2015,AUSTRALIA,RAGP_PR3
ROLEX AUSTRALIAN GRAND PRIX,2015,AUSTRALIA,RAGP_QR
ROLEX AUSTRALIAN GRAND PRIX,2015,AUSTRALIA,RAGP_R
PETRONAS MALAYSIA GRAND PRIX,2015,MALAYSIA,PMGP_PR1
PETRONAS MALAYSIA GRAND PRIX,2015,MALAYSIA,PMGP_PR2
PETRONAS MALAYSIA GRAND PRIX,2015,MALAYSIA,PMGP_PR3
PETRONAS MALAYSIA GRAND PRIX,2015,MALAYSIA,PMGP_QR
PETRONAS MALAYSIA GRAND PRIX,2015,MALAYSIA,PMGP_R
CHINESE GRAND PRIX,2015,CHINA,CGP_PR1
CHINESE GRAND PRIX,2015,CHINA,CGP_PR2
CHINESE GRAND PRIX,2015,CHINA,CGP_PR3
CHINESE GRAND PRIX,2015,CHINA,CGP_QR
CHINESE GRAND PRIX,2015,CHINA,CGP_R
GULF AIR BAHRAIN GRAND PRIX,2015,BAHRAIN,GABGP_PR1
GULF AIR BAHRAIN GRAND PRIX,2015,BAHRAIN,GABGP_PR2
GULF AIR BAHRAIN GRAND PRIX,2015,BAHRAIN,GABGP_PR3
GULF AIR BAHRAIN GRAND PRIX,2015,BAHRAIN,GABGP_QR
GULF AIR BAHRAIN GRAND PRIX,2015,BAHRAIN,GABGP_R
GRAND PRIX DE MONACO,2015,MONACO,GPDM_PR1
GRAND PRIX DE MONACO,2015,MONACO,GPDM_PR2
GRAND PRIX DE MONACO,2015,MONACO,GPDM_PR3
GRAND PRIX DE MONACO,2015,MONACO,GPDM_QR
GRAND PRIX DE MONACO,2015,MONACO,GPDM_R
GRAND PRIX DU CANADA,2015,CANADA,GPDC_PR1
GRAND PRIX DU CANADA,2015,CANADA,GPDC_PR2
GRAND PRIX DU CANADA,2015,CANADA,GPDC_PR3
GRAND PRIX DU CANADA,2015,CANADA,GPDC_QR
GRAND PRIX DU CANADA,2015,CANADA,GPDC_R
BRITISH GRAND PRIX,2015,BRITAIN,BGP_PR1
BRITISH GRAND PRIX,2015,BRITAIN,BGP_PR2
BRITISH GRAND PRIX,2015,BRITAIN,BGP_PR3
BRITISH GRAND PRIX,2015,BRITAIN,BGP_QR
BRITISH GRAND PRIX,2015,BRITAIN,BGP_R
SHELL BELGIAN GRAND PRIX,2015,BELGIUM,SBGP_PR1
SHELL BELGIAN GRAND PRIX,2015,BELGIUM,SBGP_PR2
SHELL BELGIAN GRAND PRIX,2015,BELGIUM,SBGP_PR3
SHELL BELGIAN GRAND PRIX,2015,BELGIUM,SBGP_QR
SHELL BELGIAN GRAND PRIX,2015,BELGIUM,SBGP_R
SINGAPORE AIRLINES GRAND PRIX,2015,SINGAPORE,SAGP_PR1
SINGAPORE AIRLINES GRAND PRIX,2015,SINGAPORE,SAGP_PR2
SINGAPORE AIRLINES GRAND PRIX,2015,SINGAPORE,SAGP_PR3
SINGAPORE AIRLINES GRAND PRIX,2015,SINGAPORE,SAGP_QR
SINGAPORE AIRLINES GRAND PRIX,2015,SINGAPORE,SAGP_R
RUSSIAN GRAND PRIX,2015,RUSSIA,RGP_PR1
RUSSIAN GRAND PRIX,2015,RUSSIA,RGP_PR2
RUSSIAN GRAND PRIX,2015,RUSSIA,RGP_PR3
RUSSIAN GRAND PRIX,2015,RUSSIA,RGP_QR
RUSSIAN GRAND PRIX,2015,RUSSIA,RGP_R
UNITED STATES GRAND PRIX,2015,UNITED STATES,USGP_PR1
UNITED STATES GRAND PRIX,2015,UNITED STATES,USGP_PR2
UNITED STATES GRAND PRIX,2015,UNITED STATES,USGP_PR3
UNITED STATES GRAND PRIX,2015,UNITED STATES,USGP_QR
UNITED STATES GRAND PRIX,2015,UNITED STATES,USGP_R
JAPANESE GRAND PRIX,2015,JAPAN,JGP_PR1
JAPANESE GRAND PRIX,2015,JAPAN,JGP_PR2
JAPANESE GRAND PRIX,2015,JAPAN,JGP_PR3
JAPANESE GRAND PRIX,2015,JAPAN,JGP_QR
JAPANESE GRAND PRIX,2015,JAPAN,JGP_R
