1,44,LEWISHAMILTON,RAGP_R
2,6,NICOROSBERG,RAGP_R
3,5,SEBASTIANVETTEL,RAGP_R
4,19,FELIPEMASSA,RAGP_R
5,12,FELIPENASR,RAGP_R
6,3,DANIELRICCIARDO,RAGP_R
7,27,NICOHULKENBERG,RAGP_R
8,9,MARCUSERICSSON,RAGP_R
9,55,CARLOSSAINZ,RAGP_R
10,11,SERGIOPEREZ,RAGP_R
11,22,JENSONBUTTON,RAGP_R
12,7,KIMI RAIKKONEN,RAGP_R
13,33,MAXVERSTAPPEN,RAGP_R
14,8,ROMAINGROSJEAN,RAGP_R
15,13,PASTORMALDONADO,RAGP_R
16,26,DANIILKVYAT,RAGP_R
17,20,KEVINMAGNUSSEN,RAGP_R
1,5,SEBASTIANVETTEL,PMGP_R
2,44,LEWISHAMILTON,PMGP_R
3,6,NICOROSBERG,PMGP_R
4,7,KIMI RAIKKONEN,PMGP_R
5,77,VALTTERIBOTTAS,PMGP_R
6,19,FELIPEMASSA,PMGP_R
7,33,MAXVERSTAPPEN,PMGP_R
8,55,CARLOSSAINZ,PMGP_R
9,26,DANIILKVYAT,PMGP_R
10,3,DANIELRICCIARDO,PMGP_R
11,8,ROMAINGROSJEAN,PMGP_R
12,12,FELIPENASR,PMGP_R
13,11,SERGIOPEREZ,PMGP_R
14,27,NICOHULKENBERG,PMGP_R
15,98,ROBERTOMERHI,PMGP_R
16,13,PASTORMALDONADO,PMGP_R
17,22,JENSONBUTTON,PMGP_R
18,14,FERNANDOALONSO,PMGP_R
19,9,MARCUSERICSSON,PMGP_R
1,44,LEWISHAMILTON,CGP_R
2,6,NICOROSBERG,CGP_R
3,5,SEBASTIANVETTEL,CGP_R
4,7,KIMI RAIKKONEN,CGP_R
5,19,FELIPEMASSA,CGP_R
6,77,VALTTERIBOTTAS,CGP_R
7,8,ROMAINGROSJEAN,CGP_R
8,12,FELIPENASR,CGP_R
9,3,DANIELRICCIARDO,CGP_R
10,9,MARCUSERICSSON,CGP_R
11,11,SERGIOPEREZ,CGP_R
12,14,FERNANDOALONSO,CGP_R
13,55,CARLOSSAINZ,CGP_R
14,22,JENSONBUTTON,CGP_R
15,28,WILLSTEVENS,CGP_R
16,98,ROBERTOMERHI,CGP_R
17,33,MAXVERSTAPPEN,CGP_R
18,13,PASTORMALDONADO,CGP_R
19,26,DANIILKVYAT,CGP_R
20,27,NICOHULKENBERG,CGP_R
1,44,LEWISHAMILTON,GABGP_R
2,7,KIMI RAIKKONEN,GABGP_R
3,6,NICOROSBERG,GABGP_R
4,77,VALTTERIBOTTAS,GABGP_R
5,5,SEBASTIANVETTEL,GABGP_R
6,3,DANIELRICCIARDO,GABGP_R
7,8,ROMAINGROSJEAN,GABGP_R
8,11,SERGIOPEREZ,GABGP_R
9,26,DANIILKVYAT,GABGP_R
10,19,FELIPEMASSA,GABGP_R
11,14,FERNANDOALONSO,GABGP_R
12,12,FELIPENASR,GABGP_R
13,27,NICOHULKENBERG,GABGP_R
14,9,MARCUSERICSSON,GABGP_R
15,13,PASTORMALDONADO,GABGP_R
16,28,WILLSTEVENS,GABGP_R
17,98,ROBERTOMERHI,GABGP_R
18,33,MAXVERSTAPPEN,GABGP_R
19,55,CARLOSSAINZ,GABGP_R
20,22,JENSONBUTTON,GABGP_R
1,6,NICOROSBERG,GPDM_R
2,5,SEBASTIANVETTEL,GPDM_R
3,44,LEWISHAMILTON,GPDM_R
4,26,DANIILKVYAT,GPDM_R
5,3,DANIELRICCIARDO,GPDM_R
6,7,KIMI RAIKKONEN,GPDM_R
7,11,SERGIOPEREZ,GPDM_R
8,22,JENSONBUTTON,GPDM_R
9,12,FELIPENASR,GPDM_R
10,55,CARLOSSAINZ,GPDM_R
11,27,NICOHULKENBERG,GPDM_R
12,8,ROMAINGROSJEAN,GPDM_R
13,9,MARCUSERICSSON,GPDM_R
14,77,VALTTERIBOTTAS,GPDM_R
15,19,FELIPEMASSA,GPDM_R
16,98,ROBERTOMERHI,GPDM_R
17,28,WILLSTEVENS,GPDM_R
18,33,MAXVERSTAPPEN,GPDM_R
19,14,FERNANDOALONSO,GPDM_R
20,13,PASTORMALDONADO,GPDM_R
1,44,LEWISHAMILTON,BGP_R
2,6,NICOROSBERG,BGP_R
3,5,SEBASTIANVETTEL,BGP_R
4,19,FELIPEMASSA,BGP_R
5,77,VALTTERIBOTTAS,BGP_R
6,26,DANIILKVYAT,BGP_R
7,27,NICOHULKENBERG,BGP_R
8,7,KIMI RAIKKONEN,BGP_R
9,11,SERGIOPEREZ,BGP_R
10,14,FERNANDOALONSO,BGP_R
11,9,MARCUSERICSSON,BGP_R
12,98,ROBERTOMERHI,BGP_R
13,28,WILLSTEVENS,BGP_R
14,55,CARLOSSAINZ,BGP_R
15,3,DANIELRICCIARDO,BGP_R
16,33,MAXVERSTAPPEN,BGP_R
17,8,ROMAINGROSJEAN,BGP_R
18,13,PASTORMALDONADO,BGP_R
19,22,JENSONBUTTON,BGP_R
20,12,FELIPENASR,BGP_R
1,44,LEWISHAMILTON,SBGP_R
2,6,NICOROSBERG,SBGP_R
3,8,ROMAINGROSJEAN,SBGP_R
4,26,DANIILKVYAT,SBGP_R
5,11,SERGIOPEREZ,SBGP_R
6,19,FELIPEMASSA,SBGP_R
7,7,KIMI RAIKKONEN,SBGP_R
8,33,MAXVERSTAPPEN,SBGP_R
9,77,VALTTERIBOTTAS,SBGP_R
10,9,MARCUSERICSSON,SBGP_R
11,12,FELIPENASR,SBGP_R
12,5,SEBASTIANVETTEL,SBGP_R
13,14,FERNANDOALONSO,SBGP_R
14,22,JENSONBUTTON,SBGP_R
15,98,ROBERTOMERHI,SBGP_R
16,28,WILLSTEVENS,SBGP_R
17,55,CARLOSSAINZ,SBGP_R
18,3,DANIELRICCIARDO,SBGP_R
19,13,PASTORMALDONADO,SBGP_R
20,27,NICOHULKENBERG,SBGP_R
1,5,SEBASTIANVETTEL,SAGP_R
2,3,DANIELRICCIARDO,SAGP_R
3,7,KIMI RAIKKONEN,SAGP_R
4,6,NICOROSBERG,SAGP_R
5,77,VALTTERIBOTTAS,SAGP_R
6,26,DANIILKVYAT,SAGP_R
7,11,SERGIOPEREZ,SAGP_R
8,33,MAXVERSTAPPEN,SAGP_R
9,55,CARLOSSAINZ,SAGP_R
10,12,FELIPENASR,SAGP_R
11,9,MARCUSERICSSON,SAGP_R
12,13,PASTORMALDONADO,SAGP_R
13,8,ROMAINGROSJEAN,SAGP_R
14,53,ALEXANDERROSSI,SAGP_R
15,28,WILLSTEVENS,SAGP_R
16,22,JENSONBUTTON,SAGP_R
17,14,FERNANDOALONSO,SAGP_R
18,44,LEWISHAMILTON,SAGP_R
19,19,FELIPEMASSA,SAGP_R
20,27,NICOHULKENBERG,SAGP_R
1,44,LEWISHAMILTON,JGP_R
2,6,NICOROSBERG,JGP_R
3,5,SEBASTIANVETTEL,JGP_R
4,7,KIMI RAIKKONEN,JGP_R
5,77,VALTTERIBOTTAS,JGP_R
6,27,NICOHULKENBERG,JGP_R
7,8,ROMAINGROSJEAN,JGP_R
8,13,PASTORMALDONADO,JGP_R
9,33,MAXVERSTAPPEN,JGP_R
10,55,CARLOSSAINZ,JGP_R
11,14,FERNANDOALONSO,JGP_R
12,11,SERGIOPEREZ,JGP_R
13,26,DANIILKVYAT,JGP_R
14,9,MARCUSERICSSON,JGP_R
15,3,DANIELRICCIARDO,JGP_R
16,22,JENSONBUTTON,JGP_R
17,19,FELIPEMASSA,JGP_R
18,53,ALEXANDERROSSI,JGP_R
19,28,WILLSTEVENS,JGP_R
20,12,FELIPENASR,JGP_R
1,44,LEWISHAMILTON,RGP_R
2,5,SEBASTIANVETTEL,RGP_R
3,11,SERGIOPEREZ,RGP_R
4,19,FELIPEMASSA,RGP_R
5,26,DANIILKVYAT,RGP_R
6,12,FELIPENASR,RGP_R
7,13,PASTORMALDONADO,RGP_R
8,7,KIMI RAIKKONEN,RGP_R
9,22,JENSONBUTTON,RGP_R
10,33,MAXVERSTAPPEN,RGP_R
11,14,FERNANDOALONSO,RGP_R
12,77,VALTTERIBOTTAS,RGP_R
13,98,ROBERTOMERHI,RGP_R
14,28,WILLSTEVENS,RGP_R
15,3,DANIELRICCIARDO,RGP_R
16,55,CARLOSSAINZ,RGP_R
17,8,ROMAINGROSJEAN,RGP_R
18,6,NICOROSBERG,RGP_R
19,27,NICOHULKENBERG,RGP_R
20,9,MARCUSERICSSON,RGP_R
1,44,LEWISHAMILTON,USGP_R
2,6,NICOROSBERG,USGP_R
3,5,SEBASTIANVETTEL,USGP_R
4,33,MAXVERSTAPPEN,USGP_R
5,11,SERGIOPEREZ,USGP_R
6,22,JENSONBUTTON,USGP_R
7,55,CARLOSSAINZ,USGP_R
8,13,PASTORMALDONADO,USGP_R
9,12,FELIPENASR,USGP_R
10,3,DANIELRICCIARDO,USGP_R
11,14,FERNANDOALONSO,USGP_R
12,53,ALEXANDERROSSI,USGP_R
13,26,DANIILKVYAT,USGP_R
14,27,NICOHULKENBERG,USGP_R
15,9,MARCUSERICSSON,USGP_R
16,7,KIMI RAIKKONEN,USGP_R
17,19,FELIPEMASSA,USGP_R
18,8,ROMAINGROSJEAN,USGP_R
19,77,VALTTERIBOTTAS,USGP_R
20,28,WILLSTEVENS,USGP_R
